<?xml version="1.0" encoding="UTF-8"?><articles>
	<article id="0000000" published-at="2017-09-10" title="Kucinich: Reclaiming the money power">
From flickr.com: Money {MID-161793} <p>Money ( <a href="https://farm8.static.flickr.com/7020/6551534889_9c8ae52997.jpg" type="external">Image</a> by <a href="https://www.flickr.com/people/68751915@N05/" type="external">401(K) 2013</a>) <a href="https://creativecommons.org/licenses/by-sa/2.0/" type="external">Permission</a> <a type="internal">Details</a> <a type="internal">DMCA</a></p> No Pill Can Stop Tinnitus, But This 1 Weird Trick Can <p>The walls are closing in on Congress.</p> <p>Terrifying walls of water from Hurricanes Harvey and Irma, which, when the damage is totaled, could rise to a half trillion dollars. The Walls of War: The multi-trillion dollar ongoing cost of Afghanistan, Iraq and other interventions. The crumbling walls of the U.S. infrastructure, which need at least $3 trillion to be repaired or replaced. A wall of 11 million undocumented immigrants, whose deportation could easily cost $200 billion. The planned wall at the Mexican border, which some estimates place at $67 billion. Then there is the Wall of All, the $20 trillion national debt. The walls of debt are closing in.</p> <p>At moments of crisis in our nation, in addition to invoking the assistance of Higher powers, we can call upon the Constitution for guidance.</p> <p>Article I, Section 8, of the U.S. Constitution contains a long-forgotten provision, "the coinage clause," which empowered Congress "to coin (create) Money." The ability to create money to meet the needs of the nation is a sovereign power, which enables a nation to have control of its own destiny.</p> <p>The same article indicates the Founders anticipated having to borrow money on the full faith and credit of the United States. Enter the Funding Act of 1790, which assumed and paid off the debt of the colonies and retired the financial obligations of the newly created states now united. This was a powerful, object lesson in debt retirement, relevant today.</p> <p>It is abundantly clear from a plain reading of the coinage clause that the Founders never intended that the only way the government was to be funded was to borrow money.</p> <p>The needs of the nation were to come from a system of not borrowing wherein money was a neutral value of exchange connecting resources, people and needs, without debt attached.</p> <p>In 1913, the passage of the Federal Reserve Act ceded the constitutional power to create money (and control of our national destiny), to the Federal Reserve, a quasi-private central bank. At this fateful point, the only way money could be brought into being was to borrow it, whereby money became equated with debt. The money system transited from public control to private control, and there it has remained.</p> <p>Instead of following the path set forth by the Founders to create money directly, our government became obliged to borrow from private banks, which assumed the sovereign power to create money from nothing and then loan it to the government, turning on its head the intention of the Founders.</p> <p>As a member of Congress, I came to the conclusion that while the debate over taxation was interesting, it was wholly insufficient. One must first study how money is created, before one can sensibly have a discussion of how it is to be taxed.</p> <p>With the help of staff, I spent a full five years working with legislative counsel to come up with a way to realign with the founding principles, to reclaim and to re-establish for our nation the sovereign power to create money.</p> <p>The vehicle was H.R. 2990, the National Emergency Employment Defense (NEED Act), which articulates why the current debate over the debt ceiling should lead directly to a debate about monetary policy, and the origins of the debt-based economic system.</p> How To Easily Kill All Indoor Odor, Mold, And Bacteria — Without Lifting A Finger No More Tinnitus (Ear Ringing) If You Do This Immediately <p>In our work on the NEED Act, we propound that the present monetary system has led to a concentration of wealth, expansion of national debt, excessive reliance on taxation, devaluation of the currency, increases in the cost of public infrastructure, unemployment and underemployment and the erosion of the ability of Congress to meet the needs of the American people.</p> <p>This system has been a source of financial instability where the banks' ability to create money out of nothing has become a financial liability for the American taxpayers. When banks engaged in speculative lending, turning the financial system into a casino, they were bailed out while millions of Americans lost their homes. No surprise that today we are told there is not enough money for creating jobs, rebuilding America, health care, education and retirement security. But there is always money to bail out the banks.</p> <p>Let us take the opportunity afforded in the debate over the debt ceiling to regain control of our sovereignty and our national destiny. We can have a future of abundance instead of poverty, but we must first take down the wall which separates us from our true sovereignty, the power to coin and create money.</p> <p>Let us return to first principles, and reclaim the constitutional power to coin and create United States money and spend it into circulation to meet the needs of the nation and reduce taxes.</p> <p>Two hundred and thirty years ago this month, delegates from 13 states gathered in a constitutional convention, which set the stage for ratification. Let us summon that same revolutionary spirit and its wisdom to guide us in the days ahead.</p> Seniors Can't Get Enough of This Sweet Treat That Has Shown to Turn Back the Clock on Alzheimer's From flickr.com: Money {MID-161793} <p>Money ( <a href="https://farm8.static.flickr.com/7020/6551534889_9c8ae52997.jpg" type="external">Image</a> by <a href="https://www.flickr.com/people/68751915@N05/" type="external">401(K) 2013</a>) <a href="https://creativecommons.org/licenses/by-sa/2.0/" type="external">Permission</a> <a type="internal">Details</a> <a type="internal">DMCA</a></p> <p>The walls are closing in on Congress.</p> <p>Terrifying walls of water from Hurricanes Harvey and Irma, which, when the damage is totaled, could rise to a half trillion dollars. The Walls of War: The multi-trillion dollar ongoing cost of Afghanistan, Iraq and other interventions. The crumbling walls of the U.S. infrastructure, which need at least $3 trillion to be repaired or replaced. A wall of 11 million undocumented immigrants, whose deportation could easily cost $200 billion. The planned wall at the Mexican border, which some estimates place at $67 billion. Then there is the Wall of All, the $20 trillion national debt. The walls of debt are closing in.</p> <p>At moments of crisis in our nation, in addition to invoking the assistance of Higher powers, we can call upon the Constitution for guidance.</p> <p>Article I, Section 8, of the U.S. Constitution contains a long-forgotten provision, "the coinage clause," which empowered Congress "to coin (create) Money." The ability to create money to meet the needs of the nation is a sovereign power, which enables a nation to have control of its own destiny.</p> <p>The same article indicates the Founders anticipated having to borrow money on the full faith and credit of the United States. Enter the Funding Act of 1790, which assumed and paid off the debt of the colonies and retired the financial obligations of the newly created states now united. This was a powerful, object lesson in debt retirement, relevant today.</p> <p>It is abundantly clear from a plain reading of the coinage clause that the Founders never intended that the only way the government was to be funded was to borrow money.</p> <p>The needs of the nation were to come from a system of not borrowing wherein money was a neutral value of exchange connecting resources, people and needs, without debt attached.</p> <p>In 1913, the passage of the Federal Reserve Act ceded the constitutional power to create money (and control of our national destiny), to the Federal Reserve, a quasi-private central bank. At this fateful point, the only way money could be brought into being was to borrow it, whereby money became equated with debt. The money system transited from public control to private control, and there it has remained.</p> <p>Instead of following the path set forth by the Founders to create money directly, our government became obliged to borrow from private banks, which assumed the sovereign power to create money from nothing and then loan it to the government, turning on its head the intention of the Founders.</p> <p>As a member of Congress, I came to the conclusion that while the debate over taxation was interesting, it was wholly insufficient. One must first study how money is created, before one can sensibly have a discussion of how it is to be taxed.</p> <p>With the help of staff, I spent a full five years working with legislative counsel to come up with a way to realign with the founding principles, to reclaim and to re-establish for our nation the sovereign power to create money.</p> <p>The vehicle was H.R. 2990, the National Emergency Employment Defense (NEED Act), which articulates why the current debate over the debt ceiling should lead directly to a debate about monetary policy, and the origins of the debt-based economic system.</p> How To Easily Kill All Indoor Odor, Mold, And Bacteria — Without Lifting A Finger Trump to End the Dollar as We Know It by November 8, 2018?</article>
	<article id="0000001" published-at="2017-10-12" title="Trump Just Woke Up &amp; Viciously Attacked Puerto Ricans On Twitter Like A Cruel Old Man"><p>Donald Trump ran on many braggadocios and largely unrealistic campaign promises. One of <a href="http://www.cnn.com/2017/03/16/politics/trump-infrastructure/index.html" type="external">those promises</a> was to be the best, the hugest, the most competent infrastructure president the United States has ever seen. Trump was going to fix every infrastructure problem in the country and Make America Great Again in the process.</p> <p>That is, unless you’re a brown American. In that case, you’re on your own, even after a massive natural disaster like Hurricane Maria.</p> <p>Puerto Rico’s debt, which the Puerto Rican citizens not in government would have no responsibility for, has nothing to do with using federal emergency disaster funds to save the lives of American citizens there. The infrastructure is certainly a mess at this point after a Category 5 hurricane ripped through the island, and <a href="http://abcnews.go.com/US/16-percent-puerto-rico-power-weeks-hurricane-maria/story?id=50417366" type="external">84 percent</a> of Puerto Rican people are currently without electricity.</p> <p>Emergency efforts after Hurricanes Irma and Harvey reportedly went very well and Trump praised himself as well and even saw his disastrous approval ratings tick up slightly as a result. However, the insufficient response in Puerto Rico has nothing to do with Trump, in his mind, and can only be blamed on the people there who do not live in a red state and have no electoral college votes to offer the new president for 2020.</p> <p>They’re on their own.</p> <p>Twitter responded with sheer incredulity at Trump’s vicious attack on an already suffering people.</p> Featured image screengrab via <p><a href="http://www.youtube.com/watch?v=Z4pMxaH5oxs&amp;t=57s" type="external">YouTube</a></p></article>
	<article id="0000002" published-at="2017-10-11" title="Liberals wailing about gun control, but what about abortion?">
Photo By Justin Sullivan/Getty Images <p>In response to Joyce Newman’s recent letter about a conversation about guns: According to the National Right to Life Organization, approximately 600,000 babies are murdered every year by Planned Parenthood with more than 52 million murdered since Roe v. Wade. This makes Planned Parenthood the biggest mass murderer in the history of the world. Is she willing to have a serious conversation about that? Where is her outrage over that?</p> <p>More people die every year from overdoses or auto accidents then from guns. More people die every year from obesity then from guns. Where is her outrage over those issues?</p> <p>The left’s obsession with gun “control” is just that, control. It has always been about Democrats wanting to control every aspect of your life. They support Planned Parenthood but go ballistic when a gun is used to kill someone. It’s the old game of “don’t pay any attention to what’s going on over there, but look what’s happening here.”</p></article>
	<article id="0000003" published-at="2017-09-24" title="Laremy Tunsil joins NFL players in kneeling during national anthem"><p>After Colin Kaepernick rightly chose to kneel during the national anthem before NFL games, many racists and idiots came out with critical response to what was a peaceful, important statement against police brutality and systemic American racism. That’s what Kap’s protest is about. Brutality and racism. Violence against people of color, unimpugned state violence at that.</p> <p>Kap’s protest is strictly against racism, which is what this country was built on. On the backs of African slaves shipped here catch-style to do white people’s work.</p> <p>Kap’s protest is decidedly not against the American flag. Anyone — including our moron President — that tries to argue otherwise is themselves a moron. “But the troops!” you might scream. The troops are a manifold and variegated thing. <a href="https://twitter.com/UncleChaps/status/911927134351970309" type="external">Here’s a former Marine saying</a>that Kap’s protest is nececcesary. Chaps is good. Many of them fight for Kaepernick’s right to stand down during the national anthem. You want to shit on those troops too?</p> <p>Here’s a picture of <a href="http://www.sbnation.com/college-football/players/207989/laremy-tunsil" type="external">Laremy Tunsil</a>, a wonderful and beautiful left tackle, kneeling out of solidarity with fellow Americans before Sunday’s game against the <a href="http://www.sbnation.com/nfl/teams/new-york-jets" type="external">New York Jets</a>, which the <a href="http://www.sbnation.com/nfl/teams/miami-dolphins" type="external">Dolphins</a> lost, 20-6. That doesn’t matter at all, though.</p> <p>He kneels at left.</p> <p>Hat off to Tunsil for this action. “Respecting the flag” and “respecting the anthem” before football games are perhaps the dumbest notions floated among sports fans. Sporting events are not flag-worthy at all. Nobody else in the world does this. Further, THESE ATHLETES ARE HUMAN PEOPLE. <a href="http://www.sbnation.com/college-football/players/270408/laremy-tunsil" type="external">Laremy Tunsil</a> is a real person with real political beliefs, and his political beliefs include “black people shouldn’t be killed by the police with impunity.” That’s a pertinent thing to assert.</p> <p>Tunsil’s politicism is important.</p></article>
	<article id="0000004" published-at="2017-10-12" title="It's 1968 All Over Again"><p>Almost a half-century ago, in 1968, the United States seemed to be falling apart.</p> <p>The Vietnam War, a bitter and close presidential election, antiwar protests, racial riots, political assassinations, terrorism and a recession looming on the horizon left the country divided between a loud radical minority and a silent conservative majority.</p> <p>The United States avoided a civil war. But America suffered a collective psychological depression, civil unrest, defeat in Vietnam and assorted disasters for the next decade -- until the election of a once-polarizing Ronald Reagan ushered in five consecutive presidential terms of relative bipartisan calm and prosperity from 1981 to 2001.</p> <p>It appears as if 2017 might be another 1968. Recent traumatic hurricanes seem to reflect the country's human turmoil.</p> <p>After the polarizing Obama presidency and the contested election of Donald Trump, the country is once again split in two.</p> <p>But this time the divide is far deeper, both ideologically and geographically -- and more 50/50, with the two liberal coasts pitted against red-state America in between.</p> <p>Century-old mute stone statues are torn down in the dead of night, apparently on the theory that by attacking the Confederate dead, the lives of the living might improve.</p> <p>All the old standbys of American life seem to be eroding. The National Football League is imploding as it devolves into a political circus. Multimillionaire players refuse to stand for the national anthem, turning off millions of fans whose former loyalties paid their salaries.</p> <p>Politics -- or rather a progressive hatred of the provocative Donald Trump -- permeates almost every nook and cranny of popular culture.</p> <p>The new allegiance of the media, late-night television, stand-up comedy, Hollywood, professional sports and universities is committed to liberal sermonizing. Politically correct obscenity and vulgarity among celebrities and entertainers is a substitute for talent, even as Hollywood is wracked by sexual harassment scandals and other perversities.</p> <p>The smears "racist," "fascist," "white privilege" and "Nazi" -- like "commie" of the 1950s -- are so overused as to become meaningless. There is now less free speech on campus than during the McCarthy era of the early 1950s.</p> <p>As was the case in 1968, the world abroad is also falling apart.</p> <p>The European Union, model of the future, is unraveling. The EU has been paralyzed by the exit of Great Britain, the divide between Spain and Catalonia, the bankruptcy of Mediterranean nation members, insidious terrorist attacks in major European cities and the onslaught of millions of immigrants -- mostly young, male and Muslim -- from the war-torn Middle East. Germany is once again becoming imperious, but this time insidiously by means other than arms.</p> <p>The failed state of North Korea claims that it has nuclear-tipped missiles capable of reaching America's West Coast -- and apparently wants some sort of bribe not to launch them.</p> <p>Iran is likely to follow the North Korea nuclear trajectory. In the meantime, its new Shiite hegemony in the Middle East is feeding on the carcasses of Syria and Iraq.</p> <p>Is the chaos of 2017 a catharsis -- a necessary and long overdue purge of dangerous and neglected pathologies? Will the bedlam within the United States descend into more nihilism, or offer a remedy to the status quo that had divided and nearly bankrupted the country?</p> <p>Is the problem too much democracy, as the volatile and fickle mob runs roughshod over establishment experts and experienced bureaucrats? Or is the crisis too little democracy, as populists strive to dethrone a scandal-plagued, anti-democratic, incompetent and overrated entrenched elite?</p> <p>Neither traditional political party has any answers.</p> <p>Democrats are being overwhelmed by the identity politics and socialism of progressives. Republicans are torn asunder between upstart populist nationalists and the calcified establishment status quo.</p> <p>Yet for all the social instability and media hysteria, life in the United States quietly seems to be getting better.</p> <p>The economy is growing. Unemployment and inflation remain low. The stock market and middle-class incomes are up.</p> <p>Business and consumer confidence are high. Corporate profits are up. Energy production has expanded. The border with Mexico is being enforced.</p> <p>Is the instability less a symptom that America is falling apart and more a sign that the loud conventional wisdom of the past -- about the benefits of a globalized economy, the insignificance of national borders and the importance of identity politics -- is drawing to a close, along with the careers of those who profited from it?</p> <p>In the past, any crisis that did not destroy the United States ended up making it stronger. But for now, the fight grows over which is more toxic -- the chronic statist malady that was eating away the country, or the new populist medicine deemed necessary to cure it.</p> <p>(C) 2017 TRIBUNE CONTENT AGENCY, LLC.</p> <p>Victor Davis Hanson is a classicist and historian at the Hoover Institution, Stanford University. His latest book is <a href="http://www.nationalreview.com/redirect/amazon.p?j=%20160819163X" type="external">The Savior Generals</a> from BloomsburyBooks. You can reach him by e-mailing author@victorhanson.com.</p> Stunning Video Will Make Any Atheist's Jaw Drop</article>
	<article id="0000005" published-at="2017-12-04" title="Gold Price in December 2017 - Myriads of Signals and Analogies"><p>Briefly: In our opinion, full (150% of the regular full position) speculative short positions in gold, silver and mining stocks are justified from the risk/reward perspective at the moment of publishing this alert.</p> <p>Gold moved back and forth on Friday and the accompanying volume was high, but that’s not the only important thing that we can discuss today. The week is over and we have weekly changes and weekly volume levels to analyze and we saw major moves in the important ratios. Additionally, we discovered a self-similar pattern in gold that has critical and volatile implications going forward.</p> <p>Let’s start with Friday’s session and the changes in the gold market (chart courtesy of <a href="http://stockcharts.com/" type="external">http://stockcharts.com</a>).</p> <a href="https://www.sunshineprofits.com/media/cms_page_media/2017/12/4/1_BNTrL7o.png" type="external"/> <p>Gold moved sharply back and forth as both positive and negative data was released and ultimately it ended the session a few dollars higher (based on kitco’s prices, the closing price was $1,279.60). Why was the reaction so significant? The reason could be technical – the apex of the triangle was likely to be accompanied by a turnaround and since we just saw a more visible top a couple of days ago and apparently gold doesn’t want to form a bottom here, then the only remaining outcome is a local daily top that doesn’t change much – which is what we saw.</p> <p>Why do we think that gold doesn’t want to bottom here? Because if it did, it would have ended Friday’s session much higher.</p> <a href="https://www.sunshineprofits.com/media/cms_page_media/2017/12/4/2_I8jpobb.png" type="external"/> The USD Index moved lower, so gold had a good reason to close the session visibly higher, especially that it moved quite high on an intraday basis. Yet, it declined before the session was over and closed only insignificantly higher. <p>If gold doesn’t want to move higher, then silver must really hate that “thought”.</p> <a href="https://www.sunshineprofits.com/media/cms_page_media/2017/12/4/3_jgYU95t.png" type="external"/> <p>The white metal declined once again and even though gold closed a bit higher, it managed to close lower. The move lower by itself is already bearish as it took place on visible volume, but it’s very bearish once we take into account Thursday’s breakdown. We previously commented on it in the following way:</p> <p>Silver declined and it reversed before the end of the session, which appears to be a reversal. But does this reversal really have bullish implications? It doesn’t seem to be the case. The volume wasn’t huge enough to confirm the reversal and it was not low enough to invalidate the bearish implications of the decline either.</p> <p>The key thing to the proper analysis of the silver price swing is the awareness of what the USD and S&amp;amp;P 500 did. The former declined a bit, while stocks truly soared, which created perfect circumstances for a silver rally. Yet, instead of a rally, we saw a decline and a move below the rising support line based on the August and October lows. Consequently, silver’s action was very bearish as it showed great weakness in this market.</p> <p>Moreover, the mentioned support line could be viewed as a neck level of a head and shoulders pattern (with a rather long right shoulder, similar to the one that we saw in the euro), which serves as an additional bearish indication (it’s only a small addition to the bearish implications of the breakdown as such, as its implications are bearish regardless of the H&amp;amp;S formation being in place or not).</p> <p>On Friday, the general stock market declined significantly but almost the entire decline was reversed before the end of the session. If we consider Thursday and Friday together, the S&amp;amp;P 500 index still rallied considerably, but silver declined and was unable to invalidate its breakdown. The implications are strongly bearish.</p> <p>Let’s move back to gold for a few minutes.</p> <a href="https://www.sunshineprofits.com/media/cms_page_media/2017/12/4/4_eIzPfWr.png" type="external"/> In Friday’s alert, we wrote the following regarding the above chart featuring gold priced in the euro: <p>In terms of the euro, the bearish signals are much more profound. Gold has just broken below the rising, medium-term support line and the most recent local top was formed approximately at the apex of the triangle pattern (in terms of time). The latter makes it considerably more likely that an important top was just formed and thus that the breakdown that we just saw will be confirmed.</p> <p>As far as the apex of the triangle is concerned, it’s actually a combination of two such patterns – they are based on the same tops and bottoms, but in one case (red lines) they are based on the intraday extremes and in the other case (black lines) they are based on the daily closing prices. The most recent top took place right between the apexes created based on both patterns.</p> <p>The mentioned breakdown is almost confirmed. Almost, because we would prefer to see three consecutive closing prices below the support line to see it as strong resistance, but we have already seen two of them, a weekly close and also a failed attempt to move back above the line. The breakdown is very close to being fully confirmed and the bearishness of the implications increased significantly based on Friday’s session.</p> <a href="https://www.sunshineprofits.com/media/cms_page_media/2017/12/4/5_YvNSaHt.png" type="external"/> <p>Speaking of breakdowns, we saw one in the gold to S&amp;amp;P 500 ratio, which… is nothing new, but still quite exciting and important. Why? Because due to several failed attempts to break below this level, we had to be skeptical toward the breakdown this time. The question was: ”Would this time be any different?” It turned out that this time was different as the ratio moved back to the previously broken level, verified it as support and then continued to move lower on huge volume (precisely, the ratio itself doesn’t have volume, so what we mean is the ratio of volumes).</p> <p>Why would the above be a big deal? Because this ratio moves in tune with gold when it comes to major price moves and – more importantly – there was only one similar case in the past 15 years when we saw a similar breakdown and it was in the early stages of the 2012 – 2013 decline. Back then, it was a warning sign that practically nobody noticed. You’ll probably not see it anywhere (except for this publication) this time either.</p> <p>Naturally, the implications are strongly bearish as the breakdown now appears believable.</p> <a href="https://www.sunshineprofits.com/media/cms_page_media/2017/12/4/6_ASZRCIr.png" type="external"/> <a href="https://www.sunshineprofits.com/media/cms_page_media/2017/12/4/7.png" type="external"/> Mining stocks, just like gold moved back and forth and ended the session higher, however, the move was too tiny in terms of daily closing prices to be viewed as bullish. It’s more of a big-volume reversal and the implications thereof are bearish. <a href="https://www.sunshineprofits.com/media/cms_page_media/2017/12/4/8.png" type="external"/> <p>From the weekly point of view, we see that mining stocks declined and broke below the rising support lines based on the 2016 and 2017 lows and that the breakdown took place on big volume. All that happened after two weeks of low-volume upswings that we commented on in <a href="https://www.sunshineprofits.com/gold-silver/gold-trading/end-of-usd-rally/" type="external">last Monday’s alert</a>:</p> <p>Finally, the weekly volume levels in the GDX ETF paint a very bearish picture for the following weeks. The GDX ETF is after 2 small, weekly rallies that were accompanied by very low volume when compared with the previous weeks. The last week had less trading days, but that doesn’t explain the previous week’s low volume reading. Moreover, we didn’t see similarly low volume readings in the past Novembers, which suggests that we are correct to view the low volume levels as something important and meaningful.</p> <p>The only comparable situation from the recent past took place in mid-2014 (marked with a black arrow). In the following weeks, the GDX price was cut by a third.</p> <p>The bearish implications of the above just became more bearish as back in 2014, the first big-volume weekly decline meant that the big slide had just begun.</p> <a href="https://www.sunshineprofits.com/media/cms_page_media/2017/12/4/9.png" type="external"/> <a href="https://www.sunshineprofits.com/media/cms_page_media/2017/12/4/10.png" type="external"/> <p>The breakdown can also be seen in the case of the HUI to S&amp;amp;P 500 index ratio. In other words, by looking at <a href="https://www.sunshineprofits.com/gold-silver/investment-tools/best-gold-stocks/" type="external">gold stocks</a>’ performance relative to <a href="https://www.sunshineprofits.com/gold-silver/stock-trading/" type="external">other stocks</a>. The breakdown is clear and confirmed by both weekly and monthly closing prices. The implications are bearish.</p> <p>All in all, the medium-term outlook is clearly bearish based on the above and based on the factors that we discussed previously and it seems that we’ve been correct to be holding the short positions in metals and miners (especially in silver and miners). Still, it seems that the vast majority of the potential that these positions have is still to be realized.</p> <p>This is particularly the case given the similarities between what we’re seeing now and what we saw before the previous slides. We already discussed some of those similarities above, but there’s also something else that is likely in play right now.</p> <p>In early October, we described the analogy in performance between 2008 and the current period (at the moment) in gold stocks. It was almost two months ago, so even if you read it at that time, it might be worth <a href="https://www.sunshineprofits.com/gold-silver/gold-trading/the-more-things-change-the-more-they-stay-the-same/" type="external">reading it once again today</a> (by the way, we are making that alert available publicly, so if you know someone who’s interested in precious metals, but has doubts about using technical analysis to analyze it, please send them the link to that alert – they might change their minds - <a href="https://www.sunshineprofits.com/gold-silver/gold-trading/the-more-things-change-the-more-they-stay-the-same/" type="external">https://www.sunshineprofits.com/gold-silver/gold-trading/the-more-things-change-the-more-they-stay-the-same/</a>) – it’s truly amazing how the similarity continued almost to the letter even though the two cases are almost a decade apart. Even the initial retracement of the HUI Index (38.2%) was identical.</p> <p>However, today we are not going to repeat the October analysis – we are going to discuss something alike… in gold.</p> <p>That’s right, the gold market features similarities to its performance back in 2008.</p> <a href="https://www.sunshineprofits.com/media/cms_page_media/2017/12/4/11.png" type="external"/> <a href="https://www.sunshineprofits.com/media/cms_page_media/2017/12/4/12.png" type="external"/> <p>Before moving to details, let’s state that the analogy is far from perfect. That’s probably why we didn’t discover it earlier. However, it’s not the point to be picky about a technique, but rather to see if there is anything that it can give us and make us particularly aware of things that could come. With regard to the latter goal in mind, it seems that we have something very valuable.</p> <p>In both cases, we have a sharp rally that preceded a top, then we saw some kind of consolidation and another attempt to move higher, which failed (mid-2008 and second half of 2012) and started a decline. The decline was more or less twice the size of the decline from the key (March 2008 and late 2011) top. In 2008, we saw a corrective upswing that was followed by a move to almost the final bottom and from mid-2013 to early 2015 we saw several such corrective upswings. After the initial bottom (September 2008 and the final part of 2015) gold soared sharply. The sizes of the upswings differ on a relative basis, but it’s understandable as back in 2008 the moves took place in a very short time, so the levels of emotionality among market participants were much higher.</p> <p>After the sharp rally, gold consolidated a bit (late September 2008 and mid-2016), then declined and moved close to the previous highs once again (October 2008 and September 2017).</p> <p>The decline that started thereafter in 2008 was the biggest and sharpest decline in many years. Naturally, this does not bode well for the near-term gold outlook. Conversely, it seems that we can expect the most important part of the decline to be just around the corner.</p> <p>The above implication is not the only interesting thing about the analogy, though. The detail that could be important going forward is the moment when the decline took a breather. At this time, the moves take more time, so the pauses could be longer and more visible as well and if we get enough bullish confirmations once gold moves to certain price levels, we might even adjust the trading position temporarily.</p> <p>In 2008, the first interim pause was at the most recent important low and the second pause was approximately the level from which the sharpest part of the previous huge rally started, which was strengthened by another support level (the previous low).</p> <p>We don’t have price levels that would be 100% analogous, but we can see which levels are most similar. In our view, the most recent important lows would be close to the $1,200 level (March, May, and July 2017 bottoms) and the next strong support will be provided by the $1,120 - $1,130 area. That’s approximately from where gold soared most sharply in early 2016 and this level is strengthened by the December 2016 low.</p> <p>These levels are most likely to generate support strong enough to trigger at least corrective rallies based on the analogy to what we saw in 2008 and based on their own strength as support. Naturally, that’s what appears likely based on the data that we have today and the likely scenario could change as new developments unfold.</p> <p>There’s one more thing that we left for the analytical dessert. Namely, back in 2008 the previous key low (September 2008 low, which is analogous to the late 2015 bottom) didn’t trigger even a small rally. Consequently, even though a bottom or at least a correction will be widely expected once gold moves below $1,100, gold may continue to move lower and slide through $1,050 like a hot knife through butter.</p> <p>Finally, there’s one more thing that makes the current situation in gold similar to 2008 – the overall increase in the volume levels. We already discussed, why <a href="https://www.sunshineprofits.com/gold-silver/gold-trading/just-a-blip/" type="external">the yearly volume levels at record highs should not be viewed as bullish</a> (final part of the November 14 alert that we’re linking to) and today we would like to add the observation that back in 2008 the volume levels also broke to new highs and stayed there for a long time.</p> <a href="https://www.sunshineprofits.com/media/cms_page_media/2017/12/4/13.png" type="external"/> <p>Yes, the volume has been growing almost constantly, but the 2008 and 2017 buildups in volume still stand out. The growth is much sharper than in other years and no other period is comparable to those years. Since the 2008 volume buildup was followed by a sharp decline in the precious metals sector, it seems that we might see something similar also this and/or the next year.</p> <p>Summing up, there are multiple bearish signals in the gold market and in the rest of the precious metals sector and the analogies to previous major declines further support the bearish outlook. The big decline in PMs appears to be underway as the previously discussed long-term signals remain in place: <a href="https://www.sunshineprofits.com/gold-silver/gold-trading/extreme-monthly-volume-in-gold/" type="external">gold’s huge monthly volume</a>, the <a href="https://www.sunshineprofits.com/gold-silver/gold-trading/the-more-things-change-the-more-they-stay-the-same/" type="external">analogy in the HUI Index</a>, the <a href="https://www.sunshineprofits.com/gold-silver/gold-trading/rate-hikes-usd-gold/" type="external">analogy between the two most recent series of interest rate hikes</a>, and the <a href="https://www.sunshineprofits.com/gold-silver/gold-trading/miners-screaming-signal/" type="external">RSI signal from gold priced in the Japanese yen</a>.</p> <p>To summarize:</p> <p>Trading capital (supplementary part of the <a href="http://www.sunshineprofits.com/gold-silver/key-insights/gold-portfolio/" type="external">portfolio</a>; our opinion): Short positions (150% of the full position) in gold, silver and mining stocks are justified from the risk/reward perspective with the following stop-loss orders and exit price levels / profit-take orders:</p> Gold: exit price: $1,218; stop-loss: $1,366; exit price for the DGLD ETN: $51.98; stop-loss for the DGLD ETN $38.74 Silver: exit price: $15.82; stop-loss: $19.22; exit price for the DSLV ETN: $28.88; stop-loss for the DSLV ETN $17.93 Mining stocks (price levels for the GDX ETF): exit price: $21.23; stop-loss: $26.34; exit price for the DUST ETF: $29.97; stop-loss for the DUST ETF $21.37 <p>In case one wants to bet on junior mining stocks' prices (we do not suggest doing so – we think senior mining stocks are more predictable in the case of short-term trades – if one wants to do it anyway, we provide the details), here are the stop-loss details and exit prices:</p> GDXJ ETF: exit price: $30.28; stop-loss: $45.31 JDST ETF: exit price: $66.27; stop-loss: $43.12 <p>Long-term capital (core part of the <a href="http://www.sunshineprofits.com/gold-silver/key-insights/gold-portfolio/" type="external">portfolio</a>; our opinion): No positions (in other words: cash)</p> <p>Insurance capital (core part of the <a href="http://www.sunshineprofits.com/gold-silver/key-insights/gold-portfolio/" type="external">portfolio</a>; our opinion): Full position</p> Important Details for New Subscribers <p>Whether you already subscribed or not, we encourage you to find out <a href="http://www.sunshineprofits.com/gold-silver/gold-trading-beginners-guide/" type="external">how to make the most of our alerts</a> and read our replies to the most common alert-and-gold-trading-related-questions.</p> <p>Please note that the in the trading section we describe the situation for the day that the alert is posted. In other words, it we are writing about a speculative position, it means that it is up-to-date on the day it was posted. We are also featuring the initial target prices, so that you can decide whether keeping a position on a given day is something that is in tune with your approach (some moves are too small for medium-term traders and some might appear too big for day-traders).</p> <p>Plus, you might want to read <a href="http://www.sunshineprofits.com/help/faq/#127" type="external">why our stop-loss orders are usually relatively far from the current price</a>.</p> <p>Please note that a full position doesn’t mean using all of the capital for a given trade. You will find details on our thoughts on <a href="http://www.sunshineprofits.com/gold-silver/key-insights/portfolio/" type="external">gold portfolio structuring</a> in the <a href="http://www.sunshineprofits.com/gold-silver/key-insights/" type="external">Key Insights</a> section on our website.</p> <p>As a reminder – “initial target price” means exactly that – an “initial” one, it’s not a price level at which we suggest closing positions. If this becomes the case (like it did in the previous trade) we will refer to these levels as levels of exit orders (exactly as we’ve done previously). Stop-loss levels, however, are naturally not “initial”, but something that, in our opinion, might be entered as an order.</p> <p>Since it is impossible to synchronize target prices and stop-loss levels for all the ETFs and ETNs with the main markets that we provide these levels for (gold, silver and mining stocks – the GDX ETF), the stop-loss levels and target prices for other ETNs and ETF (among other: UGLD, DGLD, USLV, DSLV, NUGT, DUST, JNUG, JDST) are provided as supplementary, and not as “final”. This means that if a stop-loss or a target level is reached for any of the “additional instruments” (DGLD for instance), but not for the “main instrument” (gold in this case), we will view positions in both gold and DGLD as still open and the stop-loss for DGLD would have to be moved lower. On the other hand, if gold moves to a stop-loss level but DGLD doesn’t, then we will view both positions (in gold and DGLD) as closed. In other words, since it’s not possible to be 100% certain that each related instrument moves to a given level when the underlying instrument does, we can’t provide levels that would be binding. The levels that we do provide are our best estimate of the levels that will correspond to the levels in the underlying assets, but it will be the underlying assets that one will need to focus on regarding the signs pointing to closing a given position or keeping it open. We might adjust the levels in the “additional instruments” without adjusting the levels in the “main instruments”, which will simply mean that we have improved our estimation of these levels, not that we changed our outlook on the markets. We are already working on a tool that would update these levels on a daily basis for the most popular ETFs, ETNs and individual mining stocks.</p> <p>Our preferred ways to invest in and to trade gold along with the reasoning can be found in the <a href="http://www.sunshineprofits.com/gold-silver/how-to-buy/" type="external">how to buy gold</a> section. Additionally, our preferred ETFs and ETNs can be found in our <a href="http://www.sunshineprofits.com/gold-silver/etf/" type="external">Gold &amp;amp; Silver ETF Ranking</a>.</p> <p>As a reminder, Gold &amp;amp; Silver Trading Alerts are posted before or on each trading day (we usually post them before the opening bell, but we don't promise doing that each day). If there's anything urgent, we will send you an additional small alert before posting the main one.</p> <p>=====</p> <p>Latest Free Trading Alerts:</p> <p>On Wednesday, Trump nominated Goodfriend to the Fed’s Board of Governors. What does it mean for the gold market?</p> <p>S&amp;amp;P 500 index lost 0.2% on Friday, following volatile trading session and a bounce off support level at 2,600 mark. Is this a topping pattern or just another consolidation within medium-term uptrend?</p> <p>=====</p> <p>Hand-picked precious-metals-related links:</p> <p>=====</p> <p>In other news:</p> <p>=====</p> <p>Thank you.</p></article>
</articles>